Name,Role
Leah,Student
Mariano,Student
Jocelyn,Student
LOGAN,Student
Shaojie,Student
Janmesh,Student
Shaun,Student
CARA,Student
Karl,Student
Haonan,Student
David,Student
Irene,Student
Ria,Student
qiaoyue,Student
Dan,Student
Shruti,Student
Zixun,Student
Taihong,Student
Jenny,Student
Johnson,Student
Nathaniel-Vivi,Student
Andrew,Student
#REF!,#REF!
Shirly,Student
Laura,Student
Ada,Student
Jay,Student
Arun,Student
Youyansu,Student
Yuwen,Student
Alex,Student
Arjun,Student
Andres,Student
Bruce,Student
Alberto,Student
Eric,Student
Weiwen,Student
Arkan,Student
Akshay,Student
Joseph,Student
Ethan,Student
Yung,Student
Danna,Student
Kevin,Student
Juelius,Student
Fatima,Student
Matthew,Student
Ehab,Student
Brandon,Student
Cerise,Student
Jasmine,Student
Harshdeep,Student
Armaan,Student
Raaed,Student
Aadya,Student
Jeremy,Student
Clement,Student
Yoochae,Student
Arhaan,Student
Brian,Student
Clemente,Student
Danh,Student
Joseph,Student
Joshua,Student
Alan,Student
Stefanie,Student
Shashwat,Student
Samantha,Student
Kaushal,Student
Danielle,Student
Cindy,Student
Xiahe,Student
William,Student
Wanting,Student
Rebecca,Student
Michael,Student
Brandon,Student
Manh,Student
Bilal,Student
Ashley,Student
Irene,Student
Khalled,Student
Ethan,Student
Yue,Student
Destiny,Student
Yanfu,Student
Shaurya,Student
Deejay,Student
Christian,Student
Audrey,Student
Nicolas,Student
Angel,Student
Cali,Student
Max,Student
Franz,Student
Jaden,Student
Alexander,Student
Kenneth,Student
Shoumik,Student
Yuka,Student
Kaden,Student
Johan,Student
Zixiao,Student
Jessica,Student
Aareen,Student
Swetha,Student
Jose,Student
Kasey,Student
Jessica,Student
Shannon,Student
Ayeon,Student
Arda,Student
Yusra,Student
Nnenna,Student
Michael,Student
Zcjanin,Student
Bonny,Student
Prisha,Student
Michelle,Student
Dhivya,Student
Caitlin,Student
Priya,Student
Aiden,Student
Kamron,Student
Kaylyn,Student
Haorui,Student
Neha,Student
Maxwell,Student
Harry,Student
Haikun,Student
Qiuxuan,Student
Canhui,Student
Sarah,Student
Max,Student
David,Student
Fan,Student
Alex,Student
Jacob,Student
Yijin,Student
Saul,Student
Phoebe,Student
Brian,Student
Athena,Student
Skyler,Student
Pujitha,Student
Eunice,Student
Lucca,Student
AZ,Student
Dulce,Student
Karlaine,Student
Chen,Student
Ayush,Student
Jasleem,Student
YuHao,Student
Sam,Student
Sathvika,Student
Brett,Student
Teddy,Student
Yifei,Student
Jeffae,Student
Sriya,Student
Qingyang,Student
Tan,Student
Xuanning,Student
Xuanjie,Student
Alexa,Student
Bryan,Student
Seoin,Student
Aaron,Student
Xinyi,Student
Tisha,Student
Zhen,Student
Zhuoxuan,Student
Suge,Student
King,Student
Samantha,Student
